<?xml version="1.0" standalone="yes"?>  <DATAPACKET Version="2.0"><METADATA><FIELDS><FIELD attrname="ID" fieldtype="i4"/><FIELD attrname="NAAM" fieldtype="string" required="true" WIDTH="30"/><FIELD attrname="OMSCHRIJVING" fieldtype="string" WIDTH="250"/><FIELD attrname="TAG" fieldtype="i4" readonly="true"/></FIELDS><PARAMS CHANGE_LOG="1 0 4 2 0 4 3 0 4 4 3 8"/></METADATA><ROWDATA><ROW RowState="4" ID="1" NAAM="Foo" OMSCHRIJVING="F***ed Up"/><ROW RowState="4" ID="2" NAAM="Bar" OMSCHRIJVING="Beyond all Recognition"/><ROW RowState="5" NAAM="Snafu" OMSCHRIJVING="Status Normal: all F***ed Up"/><ROW RowState="12" ID="3" NAAM="Snafu" OMSCHRIJVING="Status Normal: all F***ed Up"/></ROWDATA></DATAPACKET>