<?xml version="1.0" encoding="UTF-8" standalone="yes"?>  <DATAPACKET Version="2.0"><METADATA><FIELDS><FIELD attrname="achternaam" fieldtype="string" WIDTH="40"/><FIELD attrname="voorletters" fieldtype="string" WIDTH="10"/><FIELD attrname="straat" fieldtype="string" WIDTH="20"/><FIELD attrname="nummer" fieldtype="i4"/><FIELD attrname="abonneenummer" fieldtype="i4"/><FIELD attrname="plaats" fieldtype="string" WIDTH="20"/><FIELD attrname="netnummer" fieldtype="i4"/></FIELDS><PARAMS CHANGE_LOG="41 0 2"/></METADATA><ROWDATA><ROW achternaam="administratiekantoor bolte &amp; vd klink" straat="hoofdwg" nummer="21" abonneenummer="139" plaats="xokum" netnummer="2889"/><ROW achternaam="bombeke" voorletters="e" straat="hoofdwg" nummer="4" abonneenummer="112" plaats="xokum" netnummer="2889"/><ROW achternaam="comender" voorletters="l j" straat="kerkstr" nummer="10" abonneenummer="117" plaats="xokum" netnummer="2889"/><ROW achternaam="damen" voorletters="mr d m" straat="dorpstr" nummer="5" abonneenummer="122" plaats="xokum" netnummer="2889"/><ROW achternaam="damen" voorletters="w" straat="stationspln" nummer="13" abonneenummer="123" plaats="xokum" netnummer="2889"/><ROW achternaam="damen" voorletters="d j" straat="stationspln" nummer="19" abonneenummer="119" plaats="xokum" netnummer="2889"/><ROW achternaam="dameskapsalon elegance" straat="kerkstr" nummer="16" abonneenummer="133" plaats="xokum" netnummer="2889"/><ROW achternaam="dameskapsalon violette" straat="hoofdwg" nummer="1" abonneenummer="132" plaats="xokum" netnummer="2889"/><ROW achternaam="domenie-van dijke" voorletters="h" straat="dorpstr" nummer="1" abonneenummer="118" plaats="xokum" netnummer="2889"/><ROW achternaam="elmetin" straat="stationspln" nummer="17" abonneenummer="135" plaats="xokum" netnummer="2889"/><ROW achternaam="emmerik" voorletters="a h h" straat="kerkstr" nummer="19" abonneenummer="125" plaats="xokum" netnummer="2889"/><ROW achternaam="etman" voorletters="b h m g" straat="dorpstr" nummer="6" abonneenummer="106" plaats="xokum" netnummer="2889"/><ROW achternaam="etman" voorletters="j h" straat="stationspln" nummer="14" abonneenummer="107" plaats="xokum" netnummer="2889"/><ROW achternaam="gemeente en gem instellingen" straat="stationspln" nummer="4" abonneenummer="115" plaats="xokum" netnummer="2889"/><ROW achternaam="gemeente en gem instellingen" straat="idem" abonneenummer="138" plaats="xokum" netnummer="2889"/><ROW achternaam="hamakers" voorletters="f  j" straat="hoofdwg" nummer="2" abonneenummer="104" plaats="xokum" netnummer="2889"/><ROW achternaam="hamen" voorletters="e e" straat="hoofdwg" nummer="11" abonneenummer="120" plaats="xokum" netnummer="2889"/><ROW achternaam="hamerslag" voorletters="h" straat="hoofdwg" nummer="19" abonneenummer="128" plaats="xokum" netnummer="2889"/><ROW achternaam="hamerslag" voorletters="h" straat="kerkstr" nummer="9" abonneenummer="129" plaats="xokum" netnummer="2889"/><ROW achternaam="hemerik" voorletters="h m" straat="dorpstr" nummer="16" abonneenummer="126" plaats="xokum" netnummer="2889"/><ROW achternaam="hemerik" voorletters="r" straat="hoofdwg" nummer="3" abonneenummer="124" plaats="xokum" netnummer="2889"/><ROW achternaam="hymans" voorletters="a k a" straat="kerkstr" nummer="4" abonneenummer="105" plaats="xokum" netnummer="2889"/><ROW achternaam="ilmer" voorletters="b" straat="stationspln" nummer="8" abonneenummer="131" plaats="xokum" netnummer="2889"/><ROW achternaam="immerzeel" voorletters="a" straat="dorpstr" nummer="4" abonneenummer="130" plaats="xokum" netnummer="2889"/><ROW achternaam="kooiman" voorletters="o" straat="stationspln" abonneenummer="141" plaats="xokum" netnummer="2889"/><ROW achternaam="lam-offenberg" voorletters="j j" straat="kerkstr" nummer="2" abonneenummer="101" plaats="xokum" netnummer="2889"/><ROW achternaam="limburg" voorletters="c j a" straat="kerkstr" nummer="7" abonneenummer="113" plaats="xokum" netnummer="2889"/><ROW achternaam="loman" voorletters="w" straat="dorpstr" nummer="11" abonneenummer="110" plaats="xokum" netnummer="2889"/><ROW achternaam="numan" voorletters="p" straat="kerkstr" nummer="15" abonneenummer="109" plaats="xokum" netnummer="2889"/><ROW achternaam="oomen" voorletters="jac g" straat="kerkstr" nummer="5" abonneenummer="121" plaats="xokum" netnummer="2889"/><ROW achternaam="oomes" voorletters="j" straat="dorpstr" nummer="9" abonneenummer="134" plaats="xokum" netnummer="2889"/><ROW achternaam="ptt post bv" straat="dorpstr" nummer="72" abonneenummer="140" plaats="xokum" netnummer="2889"/><ROW achternaam="ramaer-van putten" voorletters="m c" straat="stationspln" nummer="10" abonneenummer="103" plaats="xokum" netnummer="2889"/><ROW achternaam="rima handelsondern" straat="dorpstr" nummer="8" abonneenummer="102" plaats="xokum" netnummer="2889"/><ROW achternaam="romeijn" voorletters="p d g" straat="kerkstr" nummer="13" abonneenummer="137" plaats="xokum" netnummer="2889"/><ROW achternaam="romeyn" voorletters="j a n" straat="hoofdwg" nummer="18" abonneenummer="136" plaats="xokum" netnummer="2889"/><ROW achternaam="rumemper" voorletters="m" straat="hoofdwg" nummer="8" abonneenummer="116" plaats="xokum" netnummer="2889"/><ROW achternaam="tamaris" voorletters="m" straat="stationspln" nummer="11" abonneenummer="127" plaats="xokum" netnummer="2889"/><ROW achternaam="toma" voorletters="g" straat="stationspln" nummer="7" abonneenummer="111" plaats="xokum" netnummer="2889"/><ROW achternaam="vroom &amp; dreesman xokum" straat="hoofdwg" nummer="16" abonneenummer="108" plaats="xokum" netnummer="2889"/><ROW RowState="2" achternaam="test" voorletters="lksajdf" straat="ergens" abonneenummer="11" plaats="xokum" netnummer="2889"/></ROWDATA></DATAPACKET>